anchor,feature,cohort,n_conversations,n_splits,mean_cds,sample_sd,split_q025,split_q975,mean_distance_to_hsc,mean_distance_to_second_anchor
hsc_msc,allosaurus_rate,hsc,34,50,64.4567506298725,14.1445603955093,26.8745409959005,82.1487831690092,0.225784552634805,0.401269112617613
hsc_msc,allosaurus_rate,lsc,34,50,29.6076357524752,7.23488161335153,20.5249425697362,47.3774405334339,0.355795676449764,0.139385001548484
hsc_msc,allosaurus_rate,hh,76,50,59.2257148399485,3.12823083283838,52.3745237550705,64.1141292031569,0.470754881214985,0.679071473705236
hsc_msc,allosaurus_rate,hai_human,296,50,55.6260583779677,2.2514468770792,51.1222117828842,58.9581744545059,0.55751379579972,0.69631809024756
hsc_msc,allosaurus_rate,hai_ai,296,50,46.6240226361868,0.958561165460004,44.9783184507106,48.4305400892598,3.05179380172661,2.6636960628066
hsc_behavior_sd,allosaurus_rate,hsc,34,50,84.5546321518395,6.54763949340329,68.6542136042773,92.7980529868623,0.225784552634805,1.20519632542164
hsc_behavior_sd,allosaurus_rate,lsc,34,50,74.3464233014019,5.89634009670719,65.1097546090816,86.6309955395911,0.355795676449764,1.007390315171
hsc_behavior_sd,allosaurus_rate,hh,76,50,72.853113999008,2.58533655003013,67.0661166400617,76.7890792879837,0.470754881214985,1.25749225097649
hsc_behavior_sd,allosaurus_rate,hai_human,296,50,66.7308604306397,2.03266118863147,62.6172651863825,69.7027435254799,0.55751379579972,1.11516213518579
hsc_behavior_sd,allosaurus_rate,hai_ai,296,50,39.1741550402526,0.918926419019527,37.6036052970327,40.910685819785,3.05179380172661,1.96374521332151
hsc_msc,sylber_rate,hsc,34,50,58.5819657362343,14.2210271993904,23.1254544752733,79.1196884527626,0.0679920987321758,0.0942829647802198
hsc_msc,sylber_rate,lsc,34,50,46.8165114349154,7.63199705091734,33.2751935709193,61.1026230496303,0.0958341771430733,0.0802592461706596
hsc_msc,sylber_rate,hh,76,50,63.8501918919426,6.32313635686598,53.5775125249961,76.9971039576092,0.111161110212583,0.191293818786679
hsc_msc,sylber_rate,hai_human,296,50,62.3645991115007,6.06961712333977,52.727930663495,72.87916023181,0.131449070204963,0.212717895534159
hsc_msc,sylber_rate,hai_ai,296,50,45.9585987571707,1.40713972307976,43.6471433654257,48.4490192605118,0.575734286296346,0.488791629401576
hsc_behavior_sd,sylber_rate,hsc,34,50,74.1587759106879,8.86064492271042,56.1561722753312,86.5499088673299,0.0679920987321758,0.184757134900205
hsc_behavior_sd,sylber_rate,lsc,34,50,73.4782920666155,5.96551813018121,61.6678038148385,83.5226389632359,0.0958341771430733,0.258992253243575
hsc_behavior_sd,sylber_rate,hh,76,50,62.8644140100703,6.4025658236728,52.5015497983982,76.223568556675,0.111161110212583,0.183205546261426
hsc_behavior_sd,sylber_rate,hai_human,296,50,57.7207801619292,6.36061231096891,47.8113865361892,68.8186097637241,0.131449070204963,0.17470857263747
hsc_behavior_sd,sylber_rate,hai_ai,296,50,52.1867496809324,1.41351692256086,49.8559049576768,54.6780782280578,0.575734286296346,0.627452285317684
hsc_msc,sylber_duration,hsc,34,50,56.8245386632995,7.27539644917899,42.9606884216253,68.7281787940156,0.00858009543185521,0.0111164277404337
hsc_msc,sylber_duration,lsc,34,50,45.0007075107564,3.41537570476573,39.7598034043891,52.2083957020068,0.0109200015577183,0.0088452684370845
hsc_msc,sylber_duration,hh,76,50,55.333013585754,3.55331822066687,49.8078949178546,62.1710811957058,0.012825997641962,0.0157494064273639
hsc_msc,sylber_duration,hai_human,296,50,56.2761845987104,3.00131601585865,51.161537025108,61.3440112930178,0.010585742650535,0.0135378970807004
hsc_msc,sylber_duration,hai_ai,296,50,46.3760535230939,1.03904157694768,44.6533616738547,48.4162699828305,0.0416946583300626,0.0360262660968577
hsc_behavior_sd,sylber_duration,hsc,34,50,70.7009822583375,5.41239088717648,61.8553716610697,79.8242962905537,0.00858009543185521,0.0203747262822637
hsc_behavior_sd,sylber_duration,lsc,34,50,66.1970144092705,3.05920690359451,61.3294079606797,72.4120074692827,0.0109200015577183,0.0212540243479997
hsc_behavior_sd,sylber_duration,hh,76,50,65.9693759829109,3.20260818559926,60.8795447462686,72.0462805319285,0.012825997641962,0.0246985694240941
hsc_behavior_sd,sylber_duration,hai_human,296,50,66.536103662861,2.71595024480705,61.8424836788638,71.0576441535298,0.010585742650535,0.0209448571497477
hsc_behavior_sd,sylber_duration,hai_ai,296,50,37.1510186097031,0.976674965081081,35.5402548023447,39.0774233051565,0.0416946583300626,0.0246200013870176
hsc_msc,sylber_npvi,hsc,34,50,51.3235031586262,7.60489783126584,35.93981116634,63.0699410016015,0.897014666732434,0.93627252368488
hsc_msc,sylber_npvi,lsc,34,50,52.490339792687,5.46499198417916,42.3167564192461,61.6665595345869,0.79569704819279,0.859392289387411
hsc_msc,sylber_npvi,hh,76,50,44.7794438437166,3.31513176054681,39.3187638833128,51.5429254789188,1.47671638741731,1.1861621794763
hsc_msc,sylber_npvi,hai_human,296,50,45.2536795218533,2.33304150922978,40.611283384392,49.0126173608392,2.40896475875293,1.98163562266472
hsc_msc,sylber_npvi,hai_ai,296,50,44.5181132574208,1.70566883088796,41.674652676169,47.818356699774,3.82093317013226,3.05797181695528
hsc_behavior_sd,sylber_npvi,hsc,34,50,61.0685731214861,5.95657983755358,50.9878259004145,70.5661205659163,0.897014666732434,1.38178505667085
hsc_behavior_sd,sylber_npvi,lsc,34,50,62.6931055289629,5.12075383994156,52.8579924081056,71.0872063580262,0.79569704819279,1.31350393350738
hsc_behavior_sd,sylber_npvi,hh,76,50,43.6981794226667,3.30037101270223,38.2734798425003,50.4428564988343,1.47671638741731,1.13507336642866
hsc_behavior_sd,sylber_npvi,hai_human,296,50,48.8519844933193,2.35524527592997,44.1457412031931,52.6303266165379,2.40896475875293,2.29041666927355
hsc_behavior_sd,sylber_npvi,hai_ai,296,50,50.4043810844115,1.72521169868681,47.5137395441436,53.7252697657641,3.82093317013226,3.87429294549524
hsc_msc,sylber_final_lengthening,hsc,34,50,67.5119893858622,5.67698542467427,54.9312351525695,76.1196430112323,0.0331797003181042,0.0683447105498985
hsc_msc,sylber_final_lengthening,lsc,34,50,58.5414529415214,4.8238194659207,49.5511902228484,66.6733621688817,0.0362604937590694,0.0503716856269821
hsc_msc,sylber_final_lengthening,hh,76,50,52.6375817409827,0.953285321398397,51.055292563658,54.4663400681525,0.179840761475037,0.199735517629026
hsc_msc,sylber_final_lengthening,hai_human,296,50,55.9526718043658,1.09337829934958,53.770310659962,57.9607566011066,0.144151581016125,0.182957646224154
hsc_msc,sylber_final_lengthening,hai_ai,296,50,53.5213779074812,1.00822575473386,51.6417843717728,55.4529078388649,0.153899758085608,0.177086566066655
hsc_behavior_sd,sylber_final_lengthening,hsc,34,50,76.0786886410588,4.51254905870646,65.3978612069843,83.4422212022129,0.0331797003181042,0.104598235607645
hsc_behavior_sd,sylber_final_lengthening,lsc,34,50,70.8881349033838,4.11387602973817,62.9869962342507,77.6114866914923,0.0362604937590694,0.0872852309767073
hsc_behavior_sd,sylber_final_lengthening,hh,76,50,40.1265557624148,0.91867202398921,38.6094901295081,41.9008945711474,0.179840761475037,0.120423986164377
hsc_behavior_sd,sylber_final_lengthening,hai_human,296,50,49.6544923864415,1.10866665843882,47.4502065371046,51.6988471703212,0.144151581016125,0.142034668802225
hsc_behavior_sd,sylber_final_lengthening,hai_ai,296,50,41.684336503881,0.984335093527337,39.8593579808117,43.5846345557894,0.153899758085608,0.109904767569137
hsc_msc,turn_duration,hsc,34,50,51.4394452452903,18.0235793430269,16.5464409959011,83.2315483800731,0.406210506978618,0.401981710804142
hsc_msc,turn_duration,lsc,34,50,42.2944613734684,8.71145910431433,31.665727341537,62.8306189838904,0.922742554895327,0.636492024444743
hsc_msc,turn_duration,hh,77,50,45.2290262908552,5.33725166008462,36.4278280522132,53.531798583773,0.728547612466798,0.586812875911488
hsc_msc,turn_duration,hai_human,297,50,56.0415035960573,5.59822090713306,46.1376229512465,66.3030469801058,1.09574164754723,1.36585016521704
hsc_msc,turn_duration,hai_ai,297,50,50.7080976566731,0.602710411779029,49.5878021360501,51.735998221063,7.47452605666444,7.68711020068337
hsc_behavior_sd,turn_duration,hsc,34,50,88.9162902601186,5.86020677613143,78.1395412352423,97.4911670719358,0.406210506978618,3.11084670736125
hsc_behavior_sd,turn_duration,lsc,34,50,72.9947966738313,6.30647941611902,63.8850497230531,86.5705983786873,0.922742554895327,2.43109170063376
hsc_behavior_sd,turn_duration,hh,77,50,77.7128224654543,3.71350747328158,71.0473234309026,83.1556006641457,0.728547612466798,2.51487998377161
hsc_behavior_sd,turn_duration,hai_human,297,50,77.3258664249035,3.98726460160299,69.84499399411,84.1728062736274,1.09574164754723,3.69368766442591
hsc_behavior_sd,turn_duration,hai_ai,297,50,53.0737761020963,0.600620555769551,51.9566332055547,54.0973281025946,7.47452605666444,8.45145734313502
hsc_msc,signed_response_gap,hsc,34,50,42.697075074067,23.0710274427912,9.93928058679826,75.494808596392,20.7655274170833,12.5153828447311
hsc_msc,signed_response_gap,lsc,34,50,24.5385721552485,11.5769874076474,8.18611143681996,37.4688972783515,12.661504681514,2.52168878579236
hsc_msc,signed_response_gap,hh,77,50,49.9531146390568,21.5859304476666,19.0937928731443,72.0650409353495,13.3447989343129,7.71623360284799
hsc_msc,signed_response_gap,hai_human,297,50,51.6862843741435,24.1247820634461,17.3644833676146,78.008269947514,12.4195840632567,6.72735509220503
hsc_msc,signed_response_gap,hai_ai,297,50,46.5673105042575,17.4655003488549,21.3944433454284,62.0927760758439,14.9325021372579,9.01181051472066
hsc_behavior_sd,signed_response_gap,hsc,34,50,47.232793357589,23.4163802288744,13.6168788221013,79.2802334608846,20.7655274170833,15.4304434541257
hsc_behavior_sd,signed_response_gap,lsc,34,50,50.3465609319213,18.3479893200891,24.0585486449167,68.0416858725025,12.661504681514,8.96009811023399
hsc_behavior_sd,signed_response_gap,hh,77,50,22.9911934123965,12.4959694010405,5.52297564366857,38.9903165053836,13.3447989343129,1.91135742719165
hsc_behavior_sd,signed_response_gap,hai_human,297,50,35.9478452639803,19.5853023813575,8.5972054573012,61.3566130032746,12.4195840632567,3.01125167739236
hsc_behavior_sd,signed_response_gap,hai_ai,297,50,28.6252267394767,12.7555227169795,10.3078857443564,40.8874815884191,14.9325021372579,3.80521878460265
hsc_msc,floor_time_share,hsc,34,50,47.2060026074867,6.36409641452271,35.314562189036,59.6291114314587,0.0274990916269806,0.0238521482267544
hsc_msc,floor_time_share,lsc,34,50,54.95569606825,6.15906734491529,43.7675174200152,65.8060328135758,0.037589324475823,0.0446199780868609
hsc_msc,floor_time_share,hh,77,50,54.1913402906419,4.91889467718185,44.8063246670618,63.67315768909,0.0413456353646728,0.0480300302416843
hsc_msc,floor_time_share,hai_human,297,50,50.0528406506436,0.141814118561186,49.7007974256186,50.1945385292555,0.171768046513998,0.172128759364611
hsc_msc,floor_time_share,hai_ai,297,50,50.0528406506436,0.141814118561181,49.7007974256186,50.1945385292555,0.171768046513999,0.172128759364612
hsc_behavior_sd,floor_time_share,hsc,34,50,58.7491179669365,9.93130607462744,31.7402625017626,74.8977073626465,0.0274990916269806,0.0390048314563071
hsc_behavior_sd,floor_time_share,lsc,34,50,38.7689695615058,5.97015038053657,28.5693752306459,49.7169854776272,0.037589324475823,0.0229243278600373
hsc_behavior_sd,floor_time_share,hh,77,50,28.164090448276,4.01224808546677,21.033097566931,36.5109310556313,0.0413456353646728,0.0157580472698805
hsc_behavior_sd,floor_time_share,hai_human,297,50,50.0946038162526,0.141814354732956,49.7425596600571,50.2363013396606,0.171768046513998,0.17241654826373
hsc_behavior_sd,floor_time_share,hai_ai,297,50,50.0946038162525,0.14181435473295,49.742559660057,50.2363013396605,0.171768046513999,0.17241654826373
